Price,Close,High,Low,Open,Volume
Ticker,9696.HK,9696.HK,9696.HK,9696.HK,9696.HK
Date,,,,,
2022-07-13,72.93089294433594,72.93089294433594,64.61499370353314,66.2603844433296,40339900
2022-07-14,70.26268768310547,74.30946544744516,68.61729698688532,73.95370364636169,12770686
2022-07-15,70.48504638671875,71.73020944656798,70.21822330761078,71.1520972988959,4081800
2022-07-18,68.43942260742188,71.01868755690968,66.97191599196202,70.70739848046647,3920900
2022-07-19,68.48388671875,69.37328784496754,66.8829619773216,67.59448559253246,3534700
2022-07-20,70.12928009033203,72.13043269980272,69.19541294393446,69.37329046165047,2846200
2022-07-21,69.373291015625,70.44056970162843,67.59448868189102,70.44056970162843,2466908
2022-07-22,69.6401138305664,70.61845375349854,67.8168387307806,70.57398098107747,1921800
2022-07-25,69.373291015625,69.8179915990585,68.12812802489275,69.64011407992206,1705600
2022-07-26,72.93089294433594,72.93089294433594,68.79517631659358,69.37328841046589,3472600
2022-07-27,72.7974853515625,72.7974853515625,71.01868298849149,72.30831877307348,1885600
2022-07-28,71.68572998046875,72.8419541678925,70.30716229533198,72.75301541168885,2353800
2022-07-29,71.15209197998047,71.68573131271187,69.41776245220535,71.68573131271187,1951000
2022-08-01,71.01868438720703,71.1520959241834,68.7951813895763,70.66292255046758,2157400
2022-08-02,68.7507095336914,70.08481121841562,67.46107383376942,70.08481121841562,1954886
2022-08-03,70.26268768310547,70.26268768310547,68.4394126935476,69.06199754184168,1624400
2022-08-04,70.70738983154297,71.01867886990932,69.90692745746368,70.12927773995281,2522600
2022-08-05,71.59679412841797,72.84195712255242,69.72905303001251,70.66292018641903,3371000
2022-08-08,71.77466583251953,73.68687954869027,71.37443805300114,71.37443805300114,5184200
2022-08-09,75.64356994628906,77.20002194694857,71.9080810733509,71.95255384474949,7326800
2022-08-10,76.31062316894531,78.1783642705085,73.6868856437275,76.08827287624511,5117963
2022-08-11,76.08827209472656,78.0894247084741,74.6207588208599,77.3779010649047,2387581
2022-08-12,75.82144927978516,78.93435335578806,75.15439840635597,76.17721110273254,3068825
2022-08-15,78.31177520751953,78.62306425781331,76.0437995249933,76.31062258844076,3426400
2022-08-16,77.64472198486328,78.93435091945125,76.08826999490226,78.93435091945125,2644460
2022-08-17,77.33342742919922,77.95601230676972,75.02098579180435,77.73366201883574,2303834
2022-08-18,74.57628631591797,77.33342856984794,74.57628631591797,77.24448981048099,2298070
2022-08-19,72.04149627685547,74.70969984266493,72.04149627685547,74.62076108092313,1869267
2022-08-22,75.06546020507812,77.42237466583515,70.8852706291562,72.08596763872902,4156362
2022-08-23,76.13273620605469,76.75532107523969,75.06545755258354,75.06545755258354,2463800
2022-08-24,72.97537231445312,77.95601775515553,72.97537231445312,76.62191593431064,2920730
2022-08-25,72.352783203125,74.48734734997407,69.55116818448512,71.81914386281082,2398400
2022-08-26,73.9537124633789,75.59910335576825,73.64242339491489,73.82030092386782,2912615
2022-08-29,75.5990982055664,75.5990982055664,72.75301722265259,73.82029589484719,1505000
2022-08-30,75.1543960571289,75.77697413863157,74.1760561637995,75.77697413863157,1417600
2022-08-31,73.10877227783203,76.04379880561918,72.35278265267242,75.59909822780854,2651143
2022-09-01,71.15209197998047,73.99817294494278,71.15209197998047,73.37559485435486,1719300
2022-09-02,69.68458557128906,72.30832329215092,69.32882371932219,72.30832329215092,2076300
2022-09-05,68.70624542236328,70.30717036003415,68.08366727193179,70.17375881762943,838338
2022-09-06,72.1749038696289,72.61960443963821,69.10646586520937,70.12927853334922,2006064
2022-09-07,72.6196060180664,73.50900717741666,71.15209274802002,71.86361638973716,1140210
2022-09-08,72.66407012939453,73.90923307746871,71.59679147995506,73.55347126579149,1098400
2022-09-09,73.2421875,74.26500023763688,72.66407536258849,73.37559903718615,2102623
2022-09-13,74.08712005615234,74.53182064043756,72.70854553063124,74.48734786777207,1895000
2022-09-14,75.332275390625,75.55462568019071,72.26384410885515,72.93089497755228,3681196
2022-09-15,75.86592102050781,76.8887269173823,74.26499623181266,76.04379853676626,2363526
2022-09-16,70.35163116455078,75.28781037051043,70.35163116455078,75.28781037051043,5661400
2022-09-19,70.21822357177734,71.77467570604618,69.99587326688179,70.26269634699356,1356700
2022-09-20,72.97537231445312,75.37675287773683,70.8852740333219,70.92974680825384,3435747
2022-09-21,73.64241790771484,74.13158446868331,72.57513245674386,72.70854398631427,1405362
2022-09-22,73.55347442626953,75.10992648184252,72.93089631827732,73.55347442626953,1285362
2022-09-23,70.66291809082031,73.5534718053129,70.26269029074284,73.37559429096562,1314000
2022-09-26,70.70738983154297,71.81914124398861,69.32881536587352,70.2626892665647,1025627
2022-09-27,69.86246490478516,70.75186607843949,68.66176789187784,70.70739330551979,957333
2022-09-28,67.14978790283203,70.44056949641599,67.14978790283203,69.8179913956598,1075886
2022-09-29,63.90346908569336,68.43941343850314,63.14747949115707,67.59448508912588,849884
2022-09-30,60.923980712890625,63.859007315485854,60.70163041831803,63.19195643176808,1262800
2022-10-03,57.45531463623047,62.169143585215906,56.56591345986284,62.169143585215906,1696500
2022-10-05,60.30139923095703,61.45761662673652,59.36752533172673,60.07904894881573,1309000
2022-10-06,63.147483825683594,63.325361347575274,59.589879103109865,59.589879103109865,1144200
2022-10-07,61.05738830566406,62.74725179245817,61.01291553538315,62.74725179245817,726000
2022-10-10,56.65485382080078,61.10185616915391,55.587571764365734,61.10185616915391,2013600
2022-10-11,57.321903228759766,59.67881770843748,56.96614818590406,57.14402570733191,1828069
2022-10-12,57.45531463623047,58.833889173837285,53.408539962317,57.811076463896015,1941787
2022-10-13,54.03112030029297,57.09955157841836,53.98665092099188,56.74379315121347,2140444
2022-10-14,54.9205207824707,56.92167336158907,54.698170495902,55.587571642176826,2784888
2022-10-17,53.675357818603516,55.14287106702174,51.67420523955837,55.14287106702174,3370494
2022-10-18,54.87605285644531,55.32075344135525,53.541951101715505,54.075590446488945,1836032
2022-10-19,54.075592041015625,56.78826501039556,53.808772360761196,55.142874154829656,2196000
2022-10-20,52.20785140991211,53.98665381983895,52.02997049036016,53.63089198073504,1660000
2022-10-21,52.51913833618164,53.31960074517594,51.71867931998355,52.47466895630334,1114888
2022-10-24,52.47467041015625,54.787112155858175,52.207850730697764,53.54195252078648,3082700
2022-10-25,54.83158493041992,55.85439426715571,51.140568620678515,52.51913979189407,1889000
2022-10-26,56.69932556152344,57.944488578032264,55.142873487285534,55.142873487285534,1525339
2022-10-27,59.45646667480469,60.12351755025634,57.67766434026697,58.433653975327026,2558000
2022-10-28,56.78826141357422,60.43480472928021,56.78826141357422,60.43480472928021,1474400
2022-10-31,56.92167282104492,59.41199872120251,56.565911008794956,58.65600232557426,1598850
2022-11-01,60.56821823120117,60.74610253629618,56.96614756933056,57.67766443293335,2832520
2022-11-02,61.3242073059082,62.03573094858773,59.456466225864894,60.30140139974587,985328
2022-11-03,59.45646667480469,62.16914294921167,59.10070485077867,62.16914294921167,1208800
2022-11-04,63.50324630737305,64.21476318784109,59.18965189406111,59.67881847708428,3408140
2022-11-07,64.48158264160156,67.32766357499399,64.08135484289056,64.08135484289056,2244440
2022-11-08,67.59449005126953,68.26154093993338,64.97075927009543,65.593337385278,2817610
2022-11-09,69.99586486816406,70.9742115207881,68.12812388826795,69.55116431173204,2614751
2022-11-10,64.52605438232422,68.88411446968279,64.48158161180339,68.66176418826277,1605481
2022-11-11,65.37098693847656,68.43941830502519,65.14863664276746,68.0391904869858,2377786
2022-11-14,62.30255126953125,66.48273382595659,60.079048465987555,66.21591077529452,4697804
2022-11-15,63.414306640625,64.30370781771319,60.70163033626903,62.08020487499272,2772410
2022-11-16,59.14517593383789,63.1474810722179,58.74494813423678,63.1474810722179,4827200
2022-11-17,59.056236267089844,60.47927671503098,56.9216722023821,59.23411377848545,3278288
2022-11-18,57.36637496948242,59.589877875276315,57.01061314743693,58.56706518149265,1782821
2022-11-21,59.45646667480469,59.45646667480469,56.5659128811809,57.27743652923295,1916425
2022-11-22,57.98895263671875,60.70162887580866,56.6103849167554,59.856700492140554,2417444
2022-11-23,58.56706237792969,59.278585987960554,57.36637222339563,57.98895029297861,958833
2022-11-24,58.56706237792969,59.94563682776748,58.16683458828235,58.70047390300948,1051000
2022-11-25,56.25462341308594,58.700476604959235,55.94333436396599,58.700476604959235,1154605
2022-11-28,54.25347137451172,55.18734192453014,52.47466903436379,55.14287254458568,1963600
2022-11-29,55.09840393066406,55.67651266357175,53.89771029869347,54.25347212878763,2463406
2022-11-30,57.811073303222656,58.96729748352395,55.58757048386794,55.63203986169582,4014756
2022-12-01,58.878353118896484,60.39033913762837,58.25577503127246,59.58987674954587,3106000
2022-12-02,58.07789993286133,59.367528933279836,58.03342715949827,58.70047804638905,1279727
2022-12-05,60.034576416015625,60.96845031894606,59.05623652783602,59.145175283926505,2536605
2022-12-06,58.433650970458984,60.12351445848945,57.81107289962294,59.32305209199165,1861549
2022-12-07,56.83273696899414,59.945641110489674,56.743794814987936,58.52260057435308,2261680
2022-12-08,57.277435302734375,58.52259826736621,56.21015324630653,56.87720410747442,2011016
2022-12-09,60.21245574951172,60.61269034241346,56.966146947665315,58.16683715518585,2739400
2022-12-12,59.8567008972168,60.47927899617578,58.522599154654095,60.2124559334263,1614044
2022-12-13,58.878353118896484,60.07905009381635,58.74494837554293,60.034577322303676,1237400
2022-12-14,59.36752700805664,60.167989403485976,58.344714324207615,59.4119997799775,1416688
2022-12-15,59.90116500854492,60.079049306672786,57.76660093015564,59.85669902320707,2590000
2022-12-16,56.92167282104492,59.5898762345314,56.52144163046273,59.5898762345314,8053319
2022-12-19,57.14402389526367,59.85670011736912,56.92167360773346,56.92167360773346,2891400
2022-12-20,53.897708892822266,57.41084754317546,53.80877013401674,57.36637477097653,3300200
2022-12-21,53.319602966308594,54.34241231730154,53.00831050860056,54.07559263412061,1219298
2022-12-22,52.47467041015625,54.16453403472048,52.207850730697764,54.16453403472048,1697488
2022-12-23,52.02996826171875,52.91936942858574,51.718679210433784,52.29678793321961,944435
2022-12-28,52.51913833618164,52.51913833618164,49.18388395336575,51.94102961217128,3011162
2022-12-29,51.0516242980957,52.60807621702794,50.78480125489915,52.34125317383138,1656408
2022-12-30,49.62858200073242,52.60807779941411,49.45070109751626,51.31844549209195,2546800
2023-01-03,51.31844711303711,51.629736158900755,48.16107370420645,50.34010381084425,1233400
2023-01-04,50.251163482666016,51.45185364239007,49.6285820175959,50.429044385942625,2645396
2023-01-05,53.00830841064453,54.07559049392383,50.47351643155287,50.78480548414441,3475400
2023-01-06,53.27513122558594,54.83158326681829,52.69701911029544,53.00830816142343,3021600
2023-01-09,54.47582244873047,56.21015543382073,54.07559123789483,54.25347215302136,2837198
2023-01-10,54.43135070800781,55.32075185227985,53.36406865632215,55.32075185227985,1739421
2023-01-11,54.075592041015625,55.49863599036644,53.808772360761196,54.920523855818246,1444198
2023-01-12,55.45416259765625,56.877206531130966,54.742642327317036,55.05393477813788,2569600
2023-01-13,56.16568374633789,56.654853698246924,55.32075197878803,55.85439130945314,1557900
2023-01-16,58.83388900756836,59.367528354762335,56.07674333294286,56.165685486006005,2649036
2023-01-17,57.321903228759766,59.45646741385642,56.29909390936465,59.45646741385642,1492807
2023-01-18,57.36637496948242,59.14517729411754,56.96614716067647,57.36637496948242,1860209
2023-01-19,59.100704193115234,60.03457812259249,57.76660245705762,59.056238206602046,1969269
2023-01-20,63.72559356689453,64.39264442742953,59.32305381600825,59.32305381600825,3346173
2023-01-26,67.23872375488281,68.12812488070294,63.8590035481216,64.74840467394172,2185500
2023-01-27,68.12812805175781,68.83965169976894,65.8601591467081,68.83965169976894,1139355
2023-01-30,66.70508575439453,69.37328918457031,66.34932393991932,67.63895966919294,4935909
2023-01-31,64.3481674194336,67.9502445434151,64.3481674194336,67.14978220635345,3633520
2023-02-01,65.81568908691406,66.21591691442174,64.48158728109824,65.68227754921395,1759229
2023-02-02,63.592185974121094,66.61615141951951,63.45877443663728,66.57167864516069,1840336
2023-02-03,63.8590087890625,64.08135908876594,62.34702267972358,63.8590087890625,1635200
2023-02-06,61.59103012084961,63.85900578538497,60.74610173595575,63.85900578538497,2116846
2023-02-07,62.347023010253906,63.45877451466497,61.63550611878643,62.25808424701955,1245400
2023-02-08,63.636653900146484,64.92628283118661,62.43595693986314,62.79171875085109,1443533
2023-02-09,63.94794464111328,64.30370646156412,62.25808108316602,63.63665559281591,1250800
2023-02-10,61.99126052856445,64.17029752595823,60.790570273376204,64.17029752595823,1433360
2023-02-13,60.39033889770508,61.546556310926526,60.30140014062531,60.568216411864626,1279000
2023-02-14,60.923980712890625,61.45762006274636,60.30140260232436,60.746103191469544,993301
2023-02-15,59.278587341308594,61.991256747099264,59.1007030419437,61.45761742018898,1245069
2023-02-16,56.43250274658203,59.81222638415342,55.14287042107824,59.58987610019746,3929600
2023-02-17,55.498634338378906,57.544252957037855,55.320753425905366,56.61038580034325,1377957
2023-02-20,54.69817352294922,55.18734350191227,53.141721430832774,54.7871122853802,2237600
2023-02-21,54.120059967041016,55.36522296514263,53.80877091391372,54.34241026007371,1742500
2023-02-22,53.319602966308594,54.120062015851374,52.2967902225193,54.120062015851374,2162500
2023-02-23,53.27513122558594,53.80877056831855,52.11890699500494,52.91936940190006,2703354
2023-02-24,52.16337966918945,53.630889555334704,51.62973693466702,53.09725021360847,3488436
2023-02-27,51.14056396484375,52.83042743558307,50.96268306379814,52.20784597832142,1564000
2023-02-28,49.62858200073242,51.40738424730202,49.49517386791732,51.05162583366572,2089076
2023-03-01,51.18503952026367,51.273981677920354,49.71752954329064,49.71752954329064,2028751
2023-03-02,50.11775207519531,51.185034104575756,49.89540179377423,51.185034104575756,1569100
2023-03-03,50.429046630859375,51.140566882844055,49.717526378874695,50.51798539005889,1602000
2023-03-06,52.074440002441406,52.074440002441406,48.82812763187409,50.651399428055235,3249132
2023-03-07,50.11775207519531,52.163377378506176,49.58411275690312,52.163377378506176,3246600
2023-03-08,49.58411407470703,49.80646436203756,49.00600197052921,49.45070254519027,2302400
2023-03-09,50.028812408447266,51.496325596213445,49.18388067587874,49.80646213107639,2187600
2023-03-10,48.561302185058594,49.76199579183409,48.383424666540314,48.91706400768752,2469680
2023-03-13,47.538490295410156,48.516830165205434,45.270518129760376,48.516830165205434,3755704
2023-03-14,46.02650833129883,47.53849092605529,45.581807767711396,47.53849092605529,2543600
2023-03-15,46.337799072265625,47.36061176323806,45.893098492329116,46.91591118330155,1113500
2023-03-16,44.6479377746582,45.80415857468322,44.42558749031508,45.53733891203069,1935211
2023-03-17,46.38227081298828,46.38227081298828,45.00369633160666,45.5818084297858,2228205
2023-03-20,46.070980072021484,46.960381244812616,45.18157889923035,45.893099158904015,1676058
2023-03-21,47.09379196166992,47.18273072028916,45.93757113563909,46.07097927356794,1437200
2023-03-22,48.65024185180664,49.272823313204476,47.582959831238355,47.67189858595404,3064000
2023-03-23,48.116600036621094,48.4278924694856,47.76084161837091,48.2055421857807,883000
2023-03-24,47.716373443603516,48.5168324494512,47.627431292200775,48.250012780835306,743064
2023-03-27,47.00484848022461,47.67189932938274,46.4267397799652,47.53849119522876,661700
2023-03-28,46.337799072265625,47.582962053206316,46.337799072265625,47.582962053206316,664842
2023-03-29,47.58296203613281,47.71637356718436,46.293329676220445,46.293329676220445,1854400
2023-03-30,48.73918151855469,48.91706242411067,46.8269711140171,48.25001157287279,1514599
2023-03-31,47.00484848022461,49.80646340380719,47.00484848022461,49.13941255464906,3446200
2023-04-03,50.295631408691406,50.340100785028106,46.29332646806138,47.00484666783642,5041170
2023-04-04,48.0721321105957,49.98434596534013,47.67190090927755,49.40623385312544,2347446
2023-04-06,46.47121047973633,47.76084283668059,46.02650990098287,47.76084283668059,3187000
2023-04-11,49.45070266723633,49.71752572692839,46.78249921268481,47.58296160616872,3454600
2023-04-12,48.828125,49.806464918057664,48.29448226877168,49.806464918057664,1454600
2023-04-13,47.36061096191406,47.98319244185056,47.04932191834387,47.894250291690426,2233800
2023-04-14,51.14056396484375,51.31844486588936,47.449547991132285,47.449547991132285,6214430
2023-04-17,50.962684631347656,52.83042906058211,50.517984061453184,51.407385201242136,2965910
2023-04-18,52.074440002441406,52.74149090783425,51.0516306498502,51.852089700643795,4182600
2023-04-19,52.074440002441406,52.96384120963186,51.09610003165046,52.563609987836884,3451940
2023-04-20,48.87259292602539,52.207847174032636,48.82812354794451,52.207847174032636,5672953
2023-04-21,48.87259292602539,50.60692581354837,48.60577326474402,49.717524680746436,1688400
2023-04-24,46.69356155395508,47.67190148653851,45.53734070832115,47.67190148653851,4183200
2023-04-25,42.73572540283203,47.04932309917047,42.46890573124731,47.04932309917047,5475762
2023-04-26,43.71406936645508,44.914759602675424,41.62397455718748,42.24655606192243,4670290
2023-04-27,43.93642044067383,44.3366482646473,43.135958007134256,43.803008904151795,2629400
2023-04-28,43.580657958984375,44.870290352656426,43.26936890211013,44.47005914182079,1993124
2023-05-02,46.24885940551758,46.91591026232793,44.47005712068998,44.55899587781291,1280600
2023-05-03,46.070980072021484,46.382272518176116,45.53734072546529,46.248860985138954,625000
2023-05-04,46.24885940551758,46.78249873384741,45.80415883431068,45.893097591433616,2294327
2023-05-05,45.137107849121094,46.42674018051235,45.048169092251115,46.159920517106315,2515400
2023-05-08,45.804161071777344,46.42674258043843,44.47005929298771,46.24886166470722,2574690
2023-05-09,44.73687744140625,46.070979174606016,44.69240806219216,46.070979174606016,1890000
2023-05-10,49.67304992675781,50.11775047540487,44.9592247896582,45.35945596199974,8108491
2023-05-11,51.14056396484375,51.185033341906156,48.51683000460996,49.89540105032046,5478508
2023-05-12,49.58411407470703,51.7631475691054,49.36176378737651,51.140566086020705,2114135
2023-05-15,53.49748229980469,54.47582224005867,49.8954048088781,49.8954048088781,8408795
2023-05-16,53.45301055908203,54.253472993148655,53.00830996077754,53.89771115738653,2609900
2023-05-17,51.54079818725586,53.319600517150484,51.27397851633091,53.27513113746235,1902800
2023-05-18,52.5636100769043,52.741490997203066,51.14056950010682,51.941031945053126,1791000
2023-05-19,51.362918853759766,52.4302009630465,51.140568555691544,52.4302009630465,1690764
2023-05-22,50.429046630859375,51.71867899602946,49.895403897273724,51.05162812364454,2372842
2023-05-23,50.028812408447266,51.54079497312842,49.93987365461731,50.42904358627404,992139
2023-05-24,49.495174407958984,51.00715361980351,49.272824124711725,50.429044919038276,1113656
2023-05-25,48.60577392578125,49.71752535690345,48.02766182447925,49.71752535690345,1189728
2023-05-29,47.44955062866211,48.5168327014657,46.24886041725567,48.5168327014657,2240000
2023-05-30,46.87144088745117,47.93872293699086,45.759689459346525,47.76084202993489,1289200
2023-05-31,45.137107849121094,46.826971372019436,44.91475756415005,46.51567893738232,1602400
2023-06-01,45.18157958984375,46.47121198866254,44.069828106861394,44.69240961589077,1577500
2023-06-02,48.96153259277344,49.18388288010919,45.93757072068488,45.93757072068488,2845250
2023-06-05,49.00600051879883,49.939874412159305,48.383422446953226,49.939874412159305,1543000
2023-06-06,47.271671295166016,49.22835106190198,46.96037886478817,49.22835106190198,1169680
2023-06-07,47.22719955444336,48.294481609535055,46.64909084449928,48.027661943961164,840170
2023-06-08,47.84978103637695,49.36176366503639,47.62743074959751,47.67190012839418,1637800
2023-06-09,48.60577392578125,49.71752535690345,47.76084215956915,48.20554273201803,1791634
2023-06-12,47.67190170288086,48.87259532682351,47.62743232261548,48.82812594655813,1056400
2023-06-13,48.02766036987305,48.20554127202437,47.405078908741416,47.671898565570395,1355800
2023-06-14,48.0721321105957,48.73918298186057,47.67190090927755,48.56130207096404,1061400
2023-06-15,49.717525482177734,49.80646423977317,47.494022614330724,48.51683189786267,2415800
2023-06-16,50.740333557128906,51.22950349784452,49.49517401647063,49.80646305343619,3235228
2023-06-19,49.761993408203125,50.8737448096697,49.53964312790981,50.7403332843753,1119000
2023-06-20,47.271671295166016,49.76199377420856,47.09379039106382,49.58411287010637,2505200
2023-06-21,47.36061096191406,48.20554272805673,46.871441010819716,47.31614158323205,1206200
2023-06-23,46.78249740600586,48.516830263045904,46.24885809282246,48.02766032716179,447941
2023-06-26,46.87144088745117,47.449549594387925,46.42674031620931,46.78249873752514,736509
2023-06-27,47.58296203613281,47.67190079496973,46.56014934552738,46.87144178704894,1126800
2023-06-28,46.47121047973633,47.627431305936085,46.159921431727376,47.53849254730386,804800
2023-06-29,46.070980072021484,46.87144248465199,46.02651069194117,46.78250033169515,575200
2023-06-30,48.51683044433594,48.739180724459196,46.293327643103346,46.293327643103346,2409332
2023-07-03,49.45070266723633,49.53964481806573,48.11660093996057,48.56130151571915,1119641
2023-07-04,49.272823333740234,49.89540140260153,48.91706152913719,49.62858174554726,789200
2023-07-05,49.36035919189453,50.35323924428948,49.21851763847502,50.35323924428948,610200
2023-07-06,47.80011749267578,49.7385983209712,47.56371730368413,49.7385983209712,1293800
2023-07-07,47.61099624633789,47.989237988627885,47.23275811122849,47.800117117482884,493624
2023-07-10,49.029396057128906,50.353238512537295,48.3201955146988,48.3201955146988,1996598
2023-07-11,48.98211669921875,49.54947929697092,48.65115788924868,49.54947929697092,820500
2023-07-12,48.79299545288086,49.691316853599226,48.17835715241705,49.31307873189391,1565000
2023-07-13,48.934837341308594,49.54947925320206,48.603878531630876,49.17123752170139,1558800
2023-07-14,48.7457160949707,49.454916630611926,48.32019505214988,48.982116273517775,763000
2023-07-18,47.18547821044922,48.69843794649731,46.61811560404578,48.69843794649731,1514284
2023-07-19,46.854515075683594,47.56371561751689,46.381714714461395,47.56371561751689,597663
2023-07-20,46.523555755615234,47.752835959879,46.42899352009928,47.09091473998914,1172600
2023-07-21,45.29427719116211,46.5235574399301,44.77419389494667,46.5235574399301,2704600
2023-07-24,43.072113037109375,45.29427694307703,43.0248337214889,45.29427694307703,2593000
2023-07-25,44.53779220581055,44.96331324873087,43.49763286283239,43.59219149140115,2192748
2023-07-26,45.05787658691406,45.5306769556868,44.585076218141324,44.726914164464816,1296200
2023-07-27,44.963314056396484,45.67251460494274,44.63235524328044,45.38883510696034,733408
2023-07-28,46.09803771972656,46.2871585959103,44.254115489501366,44.96331606980485,1735680
2023-07-31,45.861637115478516,47.61099708835131,45.861637115478516,46.61811700625646,1519200
2023-08-01,46.050758361816406,46.57083806547697,45.625237292573885,46.23987923783316,673000
2023-08-02,45.24699401855469,46.00347749717566,44.963314517662106,45.956194574376426,906400
2023-08-03,46.61811447143555,46.854514649898384,44.96331322219568,45.19971340065852,1268400
2023-08-04,45.95619583129883,47.13819678999664,45.625237005735706,46.80723796443352,905400
2023-08-07,46.61811447143555,46.712676707128956,45.29427563635193,46.003476171740445,887440
2023-08-08,45.24699401855469,46.6181158145795,45.19971470293602,46.6181158145795,897600
2023-08-09,44.91603469848633,45.48339369391079,44.49051364832772,45.48339369391079,538398
2023-08-10,45.62523651123047,45.672515827629816,45.010594576497084,45.010594576497084,833200
2023-08-11,44.821475982666016,45.57795584418002,44.537792878315315,45.57795584418002,695800
2023-08-14,44.49051284790039,44.821475261927425,43.11939109191514,44.821475261927425,1514200
2023-08-15,43.592193603515625,44.58507728749673,43.592193603515625,44.44323573059068,1287090
2023-08-16,42.59931182861328,44.34867532960507,42.552032513922796,43.59219186583538,888200
2023-08-17,43.49763488769531,43.59219352066587,41.51187473786843,42.50475481278187,1274192
2023-08-18,42.26835250854492,43.82859151758631,42.22107319442496,43.40307408332622,760200
2023-08-21,41.41731262207031,42.83571376397122,41.41731262207031,42.83571376397122,755900
2023-08-22,42.12651443481445,42.74115639062868,41.22819296369395,41.74827628346633,1074800
2023-08-23,41.08635330200195,42.26835423930247,41.08635330200195,42.26835423930247,773800
2023-08-24,41.93739318847656,42.12651406608565,41.22819260282805,41.98467611326437,934000
2023-08-25,41.74827575683594,42.362914097716114,41.51187556253263,41.937393026534025,683000
2023-08-28,41.6064338684082,44.206835985183716,41.46459231007545,43.544914724932,1098000
2023-08-29,42.552032470703125,43.21395369723905,40.89723120795356,41.60643174913194,1044400
2023-08-30,42.221073150634766,43.59219129459378,42.17379022938339,42.69387350570489,790488
2023-08-31,40.660831451416016,41.93739099597198,40.471710583694254,41.93739099597198,3137360
2023-09-04,42.12651443481445,42.50475619334332,40.28259217455252,40.75539256912323,2082000
2023-09-05,42.69387435913086,44.06499253049775,41.98467381234916,42.55203280690232,1613586
2023-09-06,43.072113037109375,43.11939235272984,42.41019179688112,42.59931266654356,901600
2023-09-07,42.0792350769043,43.119394501101546,42.03195575892819,42.88299430404028,577000
2023-09-11,42.31563186645508,43.02483240052974,40.660830620280855,42.079231688430184,831788
2023-09-12,42.930274963378906,44.49051401732687,42.079232856003244,42.079232856003244,1490229
2023-09-13,42.26835250854492,43.30851184790585,42.17379027312455,42.74115286410542,470999
2023-09-14,41.275474548339844,42.26835462325517,40.991791435066354,42.1737923831038,1156207
2023-09-15,41.275474548339844,41.37003318131059,40.566273979517376,41.275474548339844,642970
2023-09-18,41.32275390625,42.31563398216066,40.613553336716585,41.37003322278277,756500
2023-09-19,40.94451141357422,41.41731178464824,40.37715241115762,41.41731178464824,851808
2023-09-20,41.370033264160156,41.70099208740118,40.18803231375558,40.613553377337354,1611400
2023-09-21,42.17379379272461,43.07211526469477,40.70811328960526,41.32275524600083,2008400
2023-09-22,41.93739318847656,43.781315432598845,41.322754845222946,42.17379338369273,2638100
2023-09-25,40.89723205566406,42.1265122977508,40.89723205566406,41.60643261154263,1034800
2023-09-26,39.85707473754883,41.32275524047208,39.85707473754883,40.89723416357675,1040000
2023-09-27,39.95163345336914,41.03907580680652,39.24243285952235,40.28259228762534,1792481
2023-09-28,40.471710205078125,42.36291165024234,39.90435121440106,40.37715157569211,2176876
2023-09-29,41.46459197998047,41.70099217053265,40.660832774975304,40.660832774975304,379606
2023-10-03,39.9989128112793,42.03195595853312,39.10059133674434,42.03195595853312,746060
2023-10-04,38.9587516784668,39.99891106211722,38.29683043106171,39.80979019040425,606800
2023-10-05,38.53322982788086,39.19515106169774,38.01315014673207,39.006030193867126,400800
2023-10-06,38.62778854370117,39.33698909425026,38.013150230866955,38.91147164966523,305799
2023-10-09,38.675071716308594,39.24243071754546,38.580509477982076,38.580509477982076,624800
2023-10-10,41.13363265991211,41.79555390691003,39.00603097060631,39.33698979051497,5039200
2023-10-11,40.282588958740234,41.60643140072644,40.23530964449368,41.46458985080633,1786431
2023-10-12,43.49763488769531,44.25411477300171,40.32987378983323,40.32987378983323,8559340
2023-10-13,42.50475311279297,43.21395365324942,42.173790696271666,43.11939141688027,1161360
2023-10-16,38.29682922363281,42.504753156060666,37.77674954820476,42.504753156060666,6728141
2023-10-17,40.61355209350586,41.417311271501156,38.62778839528959,39.10058876050577,4180400
2023-10-18,39.57339096069336,40.47171241769431,38.39138999284493,40.14075358956902,2910229
2023-10-19,38.53322982788086,39.19515106169774,38.01315014673207,39.19515106169774,2263000
2023-10-20,39.195152282714844,40.47171186777326,38.01315133092719,38.43867239500687,2113169
2023-10-24,39.76251220703125,40.04619172051877,38.29683171469511,38.29683171469511,2324377
2023-10-25,39.14787292480469,40.471711825102716,38.72235186117364,40.377153191931654,2592318
2023-10-26,38.62778854370117,39.00603028019957,38.107708861401285,38.7696300966832,1079400
2023-10-27,40.94451141357422,41.51187402317138,37.87130900159307,37.87130900159307,2957000
2023-10-30,41.46459197998047,41.70099217053265,40.42443258442312,40.42443258442312,987800
2023-10-31,39.904354095458984,41.180913720239076,39.336991456638366,41.180913720239076,1563118
2023-11-01,39.14787292480469,39.762511254777856,38.62778962082194,39.38427311491297,766444
2023-11-02,37.82402801513672,39.100587517775416,37.58762784004211,39.100587517775416,3421600
2023-11-03,39.14787292480469,40.28259095157996,37.6821888603888,37.82403041732602,3295609
2023-11-06,41.22819137573242,41.32275361531281,39.43155210987223,39.43155210987223,2786738
2023-11-07,39.9989128112793,40.802675649413004,39.9989128112793,40.802675649413004,782510
2023-11-08,40.23530960083008,40.518989093182,39.38427112377432,39.90435079428291,944802
2023-11-09,39.9989128112793,40.755392724031616,39.7625126130954,40.2353130094632,563800
2023-11-10,39.05331039428711,40.37715289192963,38.76963088970103,39.715231643108375,2404400
2023-11-13,38.91147232055664,40.37715276219247,38.58050989361913,40.18803189068255,575700
2023-11-14,37.35123062133789,39.10059061262954,37.35123062133789,38.62779022501767,3729200
2023-11-15,39.242431640625,39.90435289575842,38.53323106880648,38.816910576097754,3091242
2023-11-16,39.33699035644531,39.667952788296034,38.76963134067357,39.1951524060927,891432
2023-11-17,38.91147232055664,39.24243114031355,38.5332305775368,38.76963076512905,597428
2023-11-20,39.33699035644531,39.8570736626135,39.05331084855944,39.1478730893085,853800
2023-11-21,39.242431640625,40.32987396028566,39.14787300725479,39.90435289575842,768000
2023-11-22,38.01314926147461,39.52610895452437,37.77674908398681,39.52610895452437,1107440
2023-11-23,38.060428619384766,38.48594966078913,37.82402844162461,37.91858706985649,1527848
2023-11-24,38.675071716308594,39.857072641535865,37.58762942222728,38.249550661790664,4493400
2023-11-27,38.391387939453125,38.95875053798298,37.63490808192715,38.95875053798298,1143800
2023-11-28,37.82402801513672,38.391386992491604,37.493069212876435,38.391386992491604,1826799
2023-11-29,37.303951263427734,38.01315184407397,36.97298882815108,37.54035145697648,2716600
2023-11-30,36.074668884277344,37.35122841246405,36.02738596256782,37.303949097935,2361712
2023-12-01,35.034507751464844,36.54747114537221,34.4671487332375,36.54747114537221,2404966
2023-12-04,35.50730895996094,36.26378887088478,34.46714953333825,35.36547100570189,920200
2023-12-05,35.88554763793945,36.73658611196724,34.9872262427042,35.507305911362366,2948200
2023-12-06,38.2022705078125,39.95163039588436,35.885548023774824,35.885548023774824,6204791
2023-12-07,38.4859504699707,39.62067206851348,37.63490836926849,38.1077087347296,3283408
2023-12-08,37.77675247192383,39.90435426012401,37.49307295493329,39.57339181765108,2161200
2023-12-11,36.35834884643555,38.01315012650704,35.365468799828754,37.965870811369676,2029000
2023-12-12,35.554588317871094,36.07467163894572,35.2709088018545,35.93283007734705,1491200
2023-12-13,35.93282699584961,36.21650648753865,34.70354679374348,35.36546801247153,2311400
2023-12-14,36.26378631591797,37.39850790594724,35.6491480097383,37.02026978072448,1920800
2023-12-15,38.29682922363281,38.485950089383145,36.64202796088325,36.64202796088325,4609826
2023-12-18,37.25667190551758,38.911473258553855,37.16210966389281,38.4859521891941,759400
2023-12-19,37.39850997924805,37.965872609306416,36.972988908499445,37.25667202711898,652200
2023-12-20,36.8784294128418,37.72947153447193,36.642029224297936,37.634909294746016,671720
2023-12-21,36.8784294128418,37.44578842247481,36.07467021466493,36.8784294128418,683400
2023-12-22,38.060428619384766,38.53322897490507,36.169227197303535,37.02026928011227,2105200
2023-12-27,39.100589752197266,39.52611081312024,37.25667116683207,38.06043036521277,1388290
2023-12-28,40.89723205566406,41.37003242624978,38.580509518357964,38.580509518357964,3453024
2023-12-29,40.80267333984375,41.228190786744435,40.37715228576251,40.424431601286976,1037400
2024-01-02,40.80267333984375,41.0390735246466,40.140752100959666,41.0390735246466,659342
2024-01-03,40.282588958740234,40.84995155124023,39.667950659174146,40.84995155124023,723680
2024-01-04,39.289710998535156,40.28259107868675,38.675072666622576,39.90435293762839,1052200
2024-01-05,39.5261116027832,40.755391886645754,39.006031898900666,39.5261116027832,811700
2024-01-08,39.05331039428711,40.51899084063237,38.675072257232536,39.66795232687413,767400
2024-01-09,38.86418914794922,39.33698952010033,37.44578803149588,39.33698952010033,1227701
2024-01-10,38.72235107421875,39.28971007607594,37.8713089642524,38.911471943898,753000
2024-01-11,40.329872131347656,41.74827321066098,38.2968291414597,38.95875036657535,3101700
2024-01-12,39.9989128112793,41.13363448399816,39.9989128112793,40.37715457124584,1646900
2024-01-15,40.04618835449219,40.04618835449219,40.04618835449219,40.04618835449219,0
2024-01-16,39.715232849121094,40.37715411804259,38.864190702339066,39.715232849121094,804080
2024-01-17,36.8784294128418,39.9043525476393,36.689308540570586,39.9043525476393,1707377
2024-01-18,37.634910583496094,38.154990294665794,36.31107164662601,37.067551554434736,1752514
2024-01-19,36.45290756225586,38.39138834488119,36.3110696165109,37.8240293475403,1061720
2024-01-22,34.98722839355469,36.405629544644746,34.041627626161315,36.405629544644746,2192600
2024-01-23,35.27090835571289,36.07467118263731,34.0889073812776,34.98722884328456,1039800
2024-01-24,36.500186920166016,36.87842865695573,34.892668556761095,35.83826929155483,1402200
2024-01-25,37.68218994140625,37.87131082035446,35.412750215569936,36.87843071485228,1382432
2024-01-26,36.92570877075195,38.060430398478104,36.500187709457066,37.162108959562374,863200
2024-01-29,35.412750244140625,37.25667250280705,35.03450848593904,37.20938957764629,1124000
2024-01-30,34.608985900878906,35.74370751883146,34.56170658496017,35.74370751883146,631400
2024-01-31,32.57594680786133,34.6089862715882,32.197705062098805,34.6089862715882,3321600
2024-02-01,32.7177848815918,33.7106685662001,32.150425867970455,32.48138469138613,744500
2024-02-02,31.772184371948242,33.47426864062959,31.110266719884013,33.096026890438026,1519800
2024-02-05,31.015703201293945,31.96130393064547,30.3065026542803,31.39394493590676,1213710
2024-02-06,32.292266845703125,32.717784294695825,31.204824547391496,31.204824547391496,2036000
2024-02-07,31.914024353027344,33.33242543538412,31.677624172634548,32.1977038480626,1198448
2024-02-08,32.15042495727539,33.048746376047134,32.05586632674385,32.24498358780693,783200
2024-02-09,31.724905014038086,31.724905014038086,31.724905014038086,31.724905014038086,0
2024-02-14,30.96842384338379,31.961303886392056,29.5027434363544,31.914024571426044,467600
2024-02-15,30.826583862304688,31.01570473898731,29.691864012979988,30.921146104236346,191400
2024-02-16,32.52866744995117,32.81234695532097,30.590183014366218,30.921145443281496,228200
2024-02-19,32.38682556152344,32.90690525056434,32.00858382012247,32.33954624564346,1202000
2024-02-20,32.52866744995117,32.52866744995117,31.819466882936368,32.38682589367596,601800
2024-02-21,33.85250473022461,34.60898457754072,31.866744680122277,32.15042417196826,2388431
2024-02-22,33.61610412597656,33.66338343948762,32.90690360176954,33.56882481246551,1201400
2024-02-23,34.13618469238281,34.37258487337488,33.28514620511966,33.61610501563636,941610
2024-02-26,34.0416259765625,34.79810583238335,33.85250511081217,34.37258478624022,804363
2024-02-27,35.034507751464844,35.22362862660085,33.61610659871582,33.947069031998986,1579028
2024-02-28,35.31818771362305,36.87843044453328,35.17634976083711,35.55458790878031,3085876
2024-02-29,37.58763122558594,38.15499025404325,35.60187101880464,35.7437089723286,3797690
2024-03-01,37.871307373046875,38.627787212798964,37.35122770866609,37.72946943213233,1539420
2024-03-04,36.83115005493164,38.816910193582906,36.50018762703602,38.34410981702969,1739863
2024-03-05,34.98722839355469,36.50018817851181,34.892669759687614,36.50018817851181,1766617
2024-03-06,34.93994903564453,35.36547010190864,33.8997860284233,34.65626952719535,1854800
2024-03-07,34.0416259765625,35.649147924669606,33.89978442545463,35.27090619316894,1439352
2024-03-08,35.12907028198242,35.36547047605449,34.27802814045068,34.372586775207225,771600
2024-03-11,38.15498733520508,38.24954957083448,34.93994707459482,34.93994707459482,3159298
2024-03-12,38.4859504699707,38.81690928292127,37.82402923688904,38.58050910019072,1601625
2024-03-13,38.43867111206055,39.0533094221673,38.10770869229797,38.76962992464261,951600
2024-03-14,37.54035186767578,39.526112072337575,37.16211011098747,38.43867333442496,1478418
2024-03-15,37.72947311401367,37.72947311401367,36.547472121809996,37.35123135363619,1477193
2024-03-18,37.4457893371582,38.3913901144317,37.351230702303134,37.871310408367414,645200
2024-03-19,37.06755065917969,38.0604307396474,36.783871151500435,37.44578880035848,936617
2024-03-20,37.114830017089844,37.2566715746771,36.50018807711928,37.2566715746771,546721
2024-03-21,37.39850997924805,38.013151926682774,37.16210978518557,37.63491017331053,801600
2024-03-22,35.69642639160156,37.30394830153361,35.50730553034243,37.067548126754794,815200
2024-03-25,35.12907028198242,35.69642930488312,34.845387163351376,35.69642930488312,893297
2024-03-26,35.554588317871094,35.838271441068436,34.79810840609994,34.98722928583792,805800
2024-03-27,34.23074722290039,35.554586083510586,34.13618498538361,35.554586083510586,908693
2024-03-28,34.41986846923828,34.93994815616759,34.08890604506104,34.23074759930565,841400
2024-04-02,35.649147033691406,36.16922669612112,35.03450513715968,35.93282652163667,1749251
2024-04-03,35.93282699584961,36.925707020351474,35.176347148952026,35.743706132330104,1255400
2024-04-05,33.19058609008789,35.980109125547756,33.19058609008789,35.980109125547756,775600
2024-04-08,36.21650695800781,36.7365866340572,33.71066720715876,33.71066720715876,3109905
2024-04-09,38.29682922363281,38.53322940402561,35.8855481050624,36.216506914740116,3137003
2024-04-10,38.01314926147461,38.43867030238874,37.44578667119562,38.39138738114683,1554080
2024-04-11,37.68218994140625,38.34411121413462,36.78387207896854,37.634910623464386,2068800
2024-04-12,36.074668884277344,37.87130808664455,35.93282733350972,37.8240287721155,969719
2024-04-15,35.46002960205078,36.68930990681906,35.176350086670524,35.74370911743104,1454472
2024-04-16,34.0416259765625,35.74370655395453,33.85250511081217,35.74370655395453,1182254
2024-04-17,34.46714782714844,34.798106644550536,33.710667953671795,33.710667953671795,493000
2024-04-18,34.3253059387207,35.41274822619844,33.94706780925319,34.5617061223306,777800
2024-04-19,33.71066665649414,34.372584265827925,33.37970424464682,34.32530495190129,668400
2024-04-22,33.71066665649414,34.372584265827925,33.47426647968052,33.47426647968052,579100
2024-04-23,33.332427978515625,34.041628573803195,33.04874846183675,33.47426954044544,940200
2024-04-24,26.949621200561523,29.92826318306342,26.713221014591685,29.92826318306342,9095868
2024-04-25,27.753381729125977,28.651701338623866,26.996900064527996,27.23330024654169,5047256
2024-04-26,27.800661087036133,28.131621703084594,27.375141840908338,27.6115420232872,2581400
2024-04-29,28.935382843017578,29.45546252567509,27.75338192462299,27.989782108301906,3116444
2024-04-30,28.746261596679688,29.88098318485517,28.36802166848461,29.502743256660093,1576800
2024-05-02,30.164663314819336,30.448344619627463,28.46258270033171,29.171783256966602,797000
2024-05-03,31.630346298217773,32.81234725400184,30.54290397602417,30.63746621679529,1520824
2024-05-06,30.59018325805664,31.15754588049663,30.21194511694396,31.15754588049663,1991400
2024-05-07,30.68474578857422,31.110266857628602,30.0701038435867,30.59018354701731,1194800
2024-05-08,29.64458465576172,30.7320251862494,29.360903341119055,30.684745868937462,993654
2024-05-09,30.873865127563477,31.204823938585363,29.739143535633364,29.739143535633364,1712446
2024-05-10,31.0629825592041,31.110265481481356,30.259223381018018,30.826582376539896,1852128
2024-05-13,30.306503295898438,31.06298317395897,29.97554447649089,31.06298317395897,1359400
2024-05-14,30.542903900146484,30.779304090716007,30.25922439289918,30.44834526679093,893400
2024-05-16,29.64458465576172,30.542904309820955,29.40818446202134,30.542904309820955,1843862
2024-05-17,29.73914337158203,30.30650236082709,28.840821965960284,29.975543551630885,2475200
2024-05-20,30.448345184326172,30.779304007354895,29.597303057708544,30.022824121017358,2128400
2024-05-21,29.171783447265625,30.448344818253997,29.07722301171273,30.07010307604241,1002300
2024-05-22,29.360902786254883,29.880984284809394,28.982662844136346,29.17178371699077,1023400
2024-05-23,27.895221710205078,29.17178306444099,27.61154221085944,29.17178306444099,2152919
2024-05-24,27.847942352294922,28.3207427195421,27.516981734503844,27.847942352294922,811000
2024-05-27,27.847942352294922,27.89522166758353,27.233300432001375,27.75338191812743,486400
2024-05-28,27.989782333374023,28.46258270453375,27.658821712844155,27.84794258274416,895200
2024-05-29,28.509862899780273,29.12450304053232,27.7061018832936,27.7061018832936,1387600
2024-05-30,28.22618293762207,28.935383504880964,28.13162250126949,28.88810238490952,1521800
2024-05-31,27.847942352294922,28.698982652621787,27.61154216867133,28.22618228537461,1632400
2024-06-03,28.08434295654297,28.415301775700613,27.61154258221457,28.27346202412015,1289502
2024-06-04,28.131622314453125,28.415301818036703,27.895222126936712,27.895222126936712,377800
2024-06-05,27.37514305114746,28.17890226389711,27.233301492577205,28.08434362963739,765100
2024-06-06,27.18602180480957,28.462583189405645,27.09146136824869,27.847943057145407,2067600
2024-06-07,26.949621200561523,27.564261323365045,26.476820828621847,27.186021386531362,1627246
2024-06-11,26.33498191833496,26.949622060756965,26.09858172481955,26.949622060756965,1311235
2024-06-12,25.956741333007812,26.42954170844628,25.720341145288582,26.42954170844628,1097200
2024-06-13,25.767620086669922,26.571381073944654,25.29481971810717,26.240420455232673,1444700
2024-06-14,25.549999237060547,26.350000381469727,25.100000381469727,26.049999237060547,1303548
2024-06-17,25.850000381469727,25.950000762939453,24.950000762939453,25.350000381469727,1077040
2024-06-18,25.850000381469727,26.350000381469727,25.5,25.600000381469727,1035782
2024-06-19,25.799999237060547,26.399999618530273,25.350000381469727,26.200000762939453,1057500
2024-06-20,25.0,25.799999237060547,25.0,25.600000381469727,700311
2024-06-21,23.600000381469727,25.149999618530273,23.600000381469727,25.0,4737595
2024-06-24,23.5,23.799999237060547,23.0,23.600000381469727,1004133
2024-06-25,23.5,23.75,22.799999237060547,23.600000381469727,1060021
2024-06-26,25.0,27.299999237060547,23.049999237060547,23.5,6219081
2024-06-27,23.399999618530273,25.049999237060547,23.200000762939453,24.799999237060547,2772649
2024-06-28,22.399999618530273,23.600000381469727,22.299999237060547,23.399999618530273,2131500
2024-07-02,21.75,23.0,21.399999618530273,22.649999618530273,3315400
2024-07-03,22.450000762939453,22.649999618530273,21.299999237060547,21.799999237060547,3852700
2024-07-04,22.0,22.700000762939453,21.450000762939453,22.600000381469727,2193300
2024-07-05,21.450000762939453,22.0,21.0,21.850000381469727,2195396
2024-07-08,20.75,21.399999618530273,20.5,21.399999618530273,1732400
2024-07-09,20.899999618530273,21.0,20.149999618530273,20.600000381469727,1533000
2024-07-10,20.799999237060547,21.850000381469727,20.149999618530273,20.549999237060547,3104450
2024-07-11,22.0,22.600000381469727,21.0,21.0,3193487
2024-07-12,22.049999237060547,22.350000381469727,21.600000381469727,22.0,1252387
2024-07-15,21.600000381469727,22.200000762939453,21.399999618530273,22.049999237060547,680500
2024-07-16,21.850000381469727,22.0,21.399999618530273,21.700000762939453,738834
2024-07-17,21.75,22.25,21.649999618530273,21.950000762939453,808400
2024-07-18,21.700000762939453,21.899999618530273,21.399999618530273,21.899999618530273,259900
2024-07-19,21.799999237060547,22.200000762939453,21.200000762939453,21.899999618530273,998100
2024-07-22,21.600000381469727,22.0,21.200000762939453,21.700000762939453,917266
2024-07-23,20.600000381469727,21.5,20.600000381469727,21.5,1029200
2024-07-24,20.299999237060547,20.899999618530273,20.049999237060547,20.600000381469727,1130000
2024-07-25,20.850000381469727,21.200000762939453,20.200000762939453,20.200000762939453,935400
2024-07-26,21.799999237060547,21.899999618530273,20.700000762939453,20.850000381469727,1150400
2024-07-29,20.549999237060547,21.850000381469727,20.450000762939453,21.850000381469727,2172400
2024-07-30,20.649999618530273,20.850000381469727,20.149999618530273,20.799999237060547,681700
2024-07-31,21.399999618530273,21.5,20.399999618530273,20.649999618530273,769300
2024-08-01,21.0,21.5,20.700000762939453,21.5,631016
2024-08-02,21.0,21.450000762939453,20.649999618530273,20.799999237060547,852200
2024-08-05,20.25,21.899999618530273,19.979999542236328,20.950000762939453,1601844
2024-08-06,21.049999237060547,21.25,20.450000762939453,20.549999237060547,1054000
2024-08-07,21.0,21.149999618530273,20.350000381469727,20.950000762939453,908000
2024-08-08,21.0,21.399999618530273,20.5,20.950000762939453,458652
2024-08-09,20.850000381469727,21.399999618530273,20.75,21.100000381469727,332400
2024-08-12,20.649999618530273,21.149999618530273,20.350000381469727,21.149999618530273,503400
2024-08-13,20.899999618530273,21.149999618530273,20.100000381469727,20.600000381469727,1008000
2024-08-14,20.25,21.200000762939453,20.149999618530273,20.850000381469727,573526
2024-08-15,20.049999237060547,20.450000762939453,19.899999618530273,20.399999618530273,904000
2024-08-16,20.049999237060547,20.450000762939453,20.0,20.299999237060547,425600
2024-08-19,20.200000762939453,20.450000762939453,20.049999237060547,20.049999237060547,542000
2024-08-20,20.549999237060547,21.100000381469727,20.200000762939453,20.299999237060547,1506200
2024-08-21,21.149999618530273,21.649999618530273,20.200000762939453,20.549999237060547,2774600
2024-08-22,20.399999618530273,21.350000381469727,20.200000762939453,21.350000381469727,1135600
2024-08-23,19.420000076293945,20.5,19.399999618530273,20.299999237060547,2154400
2024-08-26,20.200000762939453,20.299999237060547,19.579999923706055,19.579999923706055,829500
2024-08-27,20.25,20.450000762939453,19.719999313354492,20.149999618530273,517400
2024-08-28,19.899999618530273,20.299999237060547,19.65999984741211,20.299999237060547,1061320
2024-08-29,19.719999313354492,19.959999084472656,19.31999969482422,19.799999237060547,1208588
2024-08-30,19.719999313354492,20.5,19.700000762939453,19.760000228881836,2072000
2024-09-02,18.639999389648438,19.899999618530273,18.600000381469727,19.700000762939453,2112200
2024-09-03,19.280000686645508,19.899999618530273,18.520000457763672,18.799999237060547,1864848
2024-09-04,18.979999542236328,19.68000030517578,18.8799991607666,19.0,1156800
2024-09-05,19.520000457763672,19.8799991607666,19.200000762939453,19.100000381469727,1235300
2024-09-09,19.260000228881836,19.459999084472656,18.719999313354492,19.459999084472656,816600
2024-09-10,18.559999465942383,19.3799991607666,18.559999465942383,19.3799991607666,1037800
2024-09-11,21.0,21.5,19.1200008392334,19.8799991607666,7320800
2024-09-12,20.799999237060547,21.700000762939453,20.450000762939453,21.0,3822800
2024-09-13,19.540000915527344,20.899999618530273,19.399999618530273,20.850000381469727,3406700
2024-09-16,19.739999771118164,19.979999542236328,19.020000457763672,19.559999465942383,240800
2024-09-17,19.959999084472656,19.959999084472656,19.3799991607666,19.739999771118164,240200
2024-09-19,20.399999618530273,20.5,19.399999618530273,19.81999969482422,3064200
2024-09-20,20.5,20.600000381469727,20.0,20.549999237060547,1806183
2024-09-23,20.549999237060547,21.100000381469727,20.049999237060547,20.5,2016230
2024-09-24,22.25,22.850000381469727,20.75,20.850000381469727,5556258
2024-09-25,22.399999618530273,23.600000381469727,22.399999618530273,23.0,5327400
2024-09-26,23.450000762939453,23.700000762939453,22.049999237060547,22.600000381469727,4495875
2024-09-27,26.600000381469727,27.700000762939453,24.0,24.0,11931800
2024-09-30,27.600000381469727,29.100000381469727,27.5,27.700000762939453,11863500
2024-10-02,30.049999237060547,31.600000381469727,27.700000762939453,28.399999618530273,6016400
2024-10-03,28.0,31.450000762939453,26.399999618530273,31.0,3235233
2024-10-04,29.600000381469727,29.799999237060547,27.700000762939453,28.0,5001000
2024-10-07,33.0,33.54999923706055,31.350000381469727,31.899999618530273,5471050
2024-10-08,28.399999618530273,34.5,27.399999618530273,33.54999923706055,11506028
2024-10-09,26.350000381469727,29.350000381469727,25.450000762939453,28.549999237060547,7923080
2024-10-10,26.799999237060547,27.700000762939453,26.5,27.200000762939453,3438400
2024-10-14,25.75,26.299999237060547,24.700000762939453,25.899999618530273,3745142
2024-10-15,24.700000762939453,26.0,24.399999618530273,25.649999618530273,3282269
2024-10-16,24.350000381469727,25.049999237060547,24.100000381469727,24.600000381469727,2604371
2024-10-17,23.850000381469727,25.25,23.399999618530273,25.0,1663310
2024-10-18,24.600000381469727,25.350000381469727,23.450000762939453,23.799999237060547,3473600
2024-10-21,24.75,25.950000762939453,24.549999237060547,25.049999237060547,2595200
2024-10-22,24.899999618530273,25.700000762939453,24.5,24.899999618530273,2219600
2024-10-23,26.100000381469727,26.850000381469727,24.899999618530273,25.799999237060547,4558580
2024-10-24,25.0,26.399999618530273,24.450000762939453,26.399999618530273,2094332
2024-10-25,26.75,27.799999237060547,25.0,25.0,7589500
2024-10-28,26.899999618530273,27.75,26.200000762939453,27.0,4028118
2024-10-29,26.049999237060547,27.950000762939453,25.850000381469727,27.649999618530273,2330400
2024-10-30,25.549999237060547,26.5,25.200000762939453,25.850000381469727,1802818
2024-10-31,26.049999237060547,26.5,25.25,25.25,2525788
2024-11-01,27.0,28.149999618530273,25.75,25.75,4104400
2024-11-04,27.049999237060547,27.700000762939453,26.600000381469727,26.799999237060547,1716268
2024-11-05,27.5,28.0,26.899999618530273,27.450000762939453,2441348
2024-11-06,27.700000762939453,29.299999237060547,27.149999618530273,27.149999618530273,5812660
2024-11-07,27.5,27.649999618530273,26.700000762939453,27.350000381469727,2359000
2024-11-08,27.200000762939453,29.0,27.100000381469727,28.149999618530273,2733885
2024-11-11,28.649999618530273,29.0,26.600000381469727,27.100000381469727,5022668
2024-11-12,28.700000762939453,31.700000762939453,28.399999618530273,29.25,6448522
2024-11-13,29.799999237060547,30.600000381469727,28.0,29.049999237060547,4836073
2024-11-14,28.0,30.450000762939453,27.399999618530273,30.0,4315147
2024-11-15,26.649999618530273,28.25,26.600000381469727,27.549999237060547,2114530
2024-11-18,27.049999237060547,27.950000762939453,26.649999618530273,26.899999618530273,1061455
2024-11-19,29.700000762939453,30.350000381469727,27.100000381469727,27.149999618530273,5465858
2024-11-20,29.399999618530273,30.5,28.549999237060547,29.600000381469727,3242000
2024-11-21,28.649999618530273,29.799999237060547,28.100000381469727,29.799999237060547,2004022
2024-11-22,27.0,28.899999618530273,26.700000762939453,28.25,2206878
2024-11-25,27.799999237060547,28.299999237060547,27.0,27.0,1778200
2024-11-26,26.649999618530273,27.950000762939453,26.200000762939453,27.899999618530273,1399400
2024-11-27,26.75,26.850000381469727,25.5,26.299999237060547,1486517
2024-11-28,26.399999618530273,26.850000381469727,26.100000381469727,26.600000381469727,661800
2024-11-29,26.75,27.25,26.200000762939453,26.450000762939453,1074769
2024-12-02,27.100000381469727,27.149999618530273,26.399999618530273,26.850000381469727,704551
2024-12-03,27.399999618530273,27.549999237060547,26.850000381469727,27.100000381469727,676655
2024-12-04,26.200000762939453,27.450000762939453,26.0,27.450000762939453,1576600
2024-12-05,25.799999237060547,26.0,25.299999237060547,26.0,931900
2024-12-06,26.350000381469727,26.600000381469727,25.399999618530273,25.950000762939453,815936
2024-12-09,26.799999237060547,26.799999237060547,25.600000381469727,26.350000381469727,897038
2024-12-10,26.100000381469727,27.899999618530273,26.100000381469727,27.799999237060547,1089272
2024-12-11,26.25,26.700000762939453,26.149999618530273,26.450000762939453,496300
2024-12-12,26.5,27.049999237060547,26.200000762939453,26.299999237060547,682900
2024-12-13,25.700000762939453,26.5,25.399999618530273,26.5,843919
2024-12-16,24.549999237060547,25.600000381469727,24.399999618530273,25.600000381469727,1972300
2024-12-17,24.350000381469727,24.700000762939453,24.100000381469727,24.700000762939453,960092
2024-12-18,24.299999237060547,24.700000762939453,24.049999237060547,24.600000381469727,893900
2024-12-19,24.149999618530273,24.149999618530273,23.75,24.049999237060547,786597
2024-12-20,24.200000762939453,24.649999618530273,24.049999237060547,24.200000762939453,1923797
2024-12-23,24.350000381469727,24.649999618530273,24.200000762939453,24.200000762939453,1163200
2024-12-24,24.450000762939453,24.450000762939453,24.450000762939453,24.450000762939453,0
2024-12-27,24.450000762939453,24.899999618530273,24.25,24.5,547000
2024-12-30,24.350000381469727,24.649999618530273,24.149999618530273,24.399999618530273,494263
2024-12-31,24.049999237060547,24.049999237060547,24.049999237060547,24.049999237060547,0
2025-01-02,23.600000381469727,24.200000762939453,23.399999618530273,24.049999237060547,750100
2025-01-03,23.200000762939453,23.799999237060547,22.799999237060547,23.649999618530273,837890
2025-01-06,23.600000381469727,23.950000762939453,23.25,23.600000381469727,1014050
2025-01-07,23.950000762939453,23.950000762939453,23.299999237060547,23.299999237060547,698600
2025-01-08,23.399999618530273,23.850000381469727,23.0,23.649999618530273,713437
2025-01-09,23.600000381469727,23.700000762939453,23.100000381469727,23.100000381469727,422800
2025-01-10,22.899999618530273,23.799999237060547,22.649999618530273,23.600000381469727,714800
2025-01-13,23.549999237060547,23.899999618530273,22.700000762939453,23.0,1195704
2025-01-14,23.700000762939453,23.950000762939453,23.25,23.799999237060547,1274178
2025-01-15,24.049999237060547,24.350000381469727,23.149999618530273,23.450000762939453,1248300
2025-01-16,24.399999618530273,24.850000381469727,24.049999237060547,24.350000381469727,941900
2025-01-17,24.399999618530273,25.5,24.149999618530273,24.149999618530273,1749400
2025-01-20,24.350000381469727,24.799999237060547,24.0,24.5,934400
2025-01-21,23.850000381469727,24.5,23.649999618530273,24.299999237060547,1088000
2025-01-22,23.399999618530273,24.149999618530273,23.0,23.950000762939453,1085000
2025-01-23,22.899999618530273,23.799999237060547,22.799999237060547,23.25,1562850
2025-01-24,23.200000762939453,23.350000381469727,22.100000381469727,22.200000762939453,1781200
2025-01-27,23.149999618530273,23.799999237060547,22.950000762939453,23.0,563000
2025-01-28,22.5,22.5,22.5,22.5,0
2025-02-03,22.350000381469727,22.549999237060547,21.0,22.399999618530273,481900
2025-02-04,22.700000762939453,22.799999237060547,21.700000762939453,22.600000381469727,325092
2025-02-05,22.600000381469727,23.0,22.25,23.0,938400
2025-02-06,23.049999237060547,23.25,22.399999618530273,22.399999618530273,1198350
2025-02-07,23.450000762939453,24.100000381469727,23.0,23.299999237060547,2479900
2025-02-10,24.049999237060547,24.149999618530273,23.299999237060547,23.450000762939453,1598000
2025-02-11,23.350000381469727,24.350000381469727,23.25,24.200000762939453,923300
2025-02-12,24.700000762939453,26.0,23.350000381469727,23.350000381469727,5447099
2025-02-13,24.100000381469727,25.149999618530273,24.049999237060547,25.0,2418500
2025-02-14,24.950000762939453,25.75,24.399999618530273,24.600000381469727,2960840
2025-02-17,24.899999618530273,25.600000381469727,24.5,25.0,2679363
2025-02-18,25.149999618530273,26.100000381469727,24.75,25.600000381469727,4121291
2025-02-19,24.899999618530273,25.399999618530273,24.5,25.200000762939453,2679600
2025-02-20,24.5,25.350000381469727,24.450000762939453,25.0,1374100
2025-02-21,24.950000762939453,25.299999237060547,24.25,24.600000381469727,2127700
2025-02-24,25.149999618530273,25.799999237060547,24.600000381469727,25.100000381469727,2055100
2025-02-25,25.100000381469727,26.0,24.5,25.200000762939453,2249600
2025-02-26,25.5,25.75,25.200000762939453,25.25,2475600
2025-02-27,26.0,26.850000381469727,25.299999237060547,25.850000381469727,5791600
2025-02-28,24.549999237060547,26.25,24.299999237060547,26.200000762939453,3411400
2025-03-03,25.899999618530273,26.700000762939453,24.700000762939453,24.75,5200773
2025-03-04,24.899999618530273,25.450000762939453,24.5,25.25,2471238
2025-03-05,25.0,25.399999618530273,24.549999237060547,25.200000762939453,1416215
2025-03-06,25.450000762939453,25.899999618530273,25.049999237060547,25.149999618530273,2970800
2025-03-07,26.0,26.700000762939453,25.649999618530273,25.850000381469727,4926200
2025-03-10,26.100000381469727,26.5,25.700000762939453,26.200000762939453,1645700
2025-03-11,25.5,25.600000381469727,24.75,25.600000381469727,1699200
2025-03-12,25.25,26.049999237060547,25.149999618530273,25.75,1885300
2025-03-13,25.25,25.600000381469727,24.600000381469727,25.25,1573189
2025-03-14,25.75,25.950000762939453,25.100000381469727,25.450000762939453,1396950
2025-03-17,26.0,26.700000762939453,25.75,26.0,3703000
2025-03-18,26.200000762939453,26.899999618530273,26.149999618530273,26.399999618530273,2206679
2025-03-19,26.399999618530273,26.549999237060547,25.799999237060547,26.450000762939453,1267052
2025-03-20,25.450000762939453,26.350000381469727,25.450000762939453,26.149999618530273,1497800
2025-03-21,24.600000381469727,25.5,24.299999237060547,25.450000762939453,2550700
2025-03-24,24.700000762939453,24.899999618530273,24.049999237060547,24.600000381469727,1260400
2025-03-25,24.700000762939453,24.899999618530273,24.299999237060547,24.700000762939453,644000
2025-03-26,24.399999618530273,24.899999618530273,24.200000762939453,24.799999237060547,603100
2025-03-27,24.649999618530273,24.799999237060547,23.649999618530273,24.25,1100900
2025-03-28,24.450000762939453,24.700000762939453,23.850000381469727,24.700000762939453,1343800
2025-03-31,24.299999237060547,24.600000381469727,23.75,24.600000381469727,1659800
2025-04-01,24.649999618530273,24.75,24.100000381469727,24.100000381469727,842600
2025-04-02,24.850000381469727,24.950000762939453,24.149999618530273,24.75,1692200
2025-04-03,23.899999618530273,24.700000762939453,23.899999618530273,24.600000381469727,1189939
2025-04-07,20.25,22.350000381469727,20.100000381469727,21.5,4291900
2025-04-08,20.25,20.950000762939453,19.600000381469727,20.25,4677900
2025-04-09,20.600000381469727,20.600000381469727,19.0,19.299999237060547,3391604
2025-04-10,20.899999618530273,21.75,20.850000381469727,21.299999237060547,2329200
2025-04-11,21.649999618530273,21.649999618530273,20.600000381469727,21.049999237060547,1979800
2025-04-14,22.25,22.450000762939453,21.700000762939453,22.200000762939453,1974200
2025-04-15,21.899999618530273,22.399999618530273,21.75,22.399999618530273,779500
2025-04-16,21.200000762939453,22.100000381469727,20.899999618530273,21.899999618530273,908800
2025-04-17,21.200000762939453,21.350000381469727,20.899999618530273,21.149999618530273,1005200
2025-04-22,21.200000762939453,21.399999618530273,20.899999618530273,21.200000762939453,653782
2025-04-23,21.799999237060547,21.799999237060547,21.299999237060547,21.299999237060547,685376
2025-04-24,22.350000381469727,24.100000381469727,22.200000762939453,23.0,8413300
2025-04-25,22.75,23.049999237060547,22.25,22.5,2367400
2025-04-28,22.5,22.75,22.200000762939453,22.549999237060547,940200
2025-04-29,23.149999618530273,23.299999237060547,22.299999237060547,22.299999237060547,2370200
2025-04-30,23.100000381469727,23.850000381469727,23.0,23.25,1552100
2025-05-02,23.450000762939453,24.299999237060547,22.75,24.299999237060547,560101
2025-05-06,23.350000381469727,23.649999618530273,23.200000762939453,23.5,1738290
2025-05-07,23.399999618530273,23.799999237060547,23.049999237060547,23.5,1665100
2025-05-08,23.600000381469727,23.799999237060547,23.200000762939453,23.200000762939453,1049800
2025-05-09,23.350000381469727,23.75,23.100000381469727,23.700000762939453,831000
2025-05-12,24.450000762939453,24.549999237060547,23.299999237060547,23.600000381469727,2433200
2025-05-13,24.049999237060547,24.799999237060547,23.799999237060547,24.549999237060547,2458800
2025-05-14,24.649999618530273,24.850000381469727,24.200000762939453,24.200000762939453,1683579
2025-05-15,23.5,24.649999618530273,23.450000762939453,24.649999618530273,1690800
2025-05-16,23.25,23.75,23.25,23.549999237060547,914400
2025-05-19,23.350000381469727,23.399999618530273,22.899999618530273,23.299999237060547,595400
2025-05-20,23.350000381469727,23.5,22.899999618530273,23.350000381469727,621646
2025-05-21,24.299999237060547,24.350000381469727,23.350000381469727,23.350000381469727,1488500
2025-05-22,24.450000762939453,25.0,24.0,24.299999237060547,2473400
2025-05-23,25.049999237060547,25.5,25.0,25.450000762939453,3989600
2025-05-26,24.200000762939453,25.049999237060547,24.200000762939453,25.049999237060547,1062600
2025-05-27,24.25,24.950000762939453,24.049999237060547,24.5,970500
2025-05-28,24.0,24.450000762939453,23.649999618530273,24.450000762939453,1275400
2025-05-29,24.799999237060547,25.0,23.799999237060547,23.850000381469727,2042800
2025-05-30,24.5,24.799999237060547,24.200000762939453,24.799999237060547,902300
2025-06-02,24.5,24.5,23.5,24.350000381469727,523600
2025-06-03,25.200000762939453,25.200000762939453,24.350000381469727,24.5,1616682
2025-06-04,26.450000762939453,26.850000381469727,25.25,25.25,4110289
2025-06-05,26.350000381469727,27.25,25.899999618530273,26.450000762939453,2168600
2025-06-06,26.399999618530273,27.149999618530273,26.149999618530273,26.5,2436600
2025-06-09,25.899999618530273,26.700000762939453,25.600000381469727,26.700000762939453,3655400
2025-06-10,25.899999618530273,26.399999618530273,25.5,25.899999618530273,2882358
2025-06-11,26.649999618530273,27.049999237060547,25.850000381469727,25.899999618530273,4225723
2025-06-12,26.799999237060547,27.200000762939453,26.399999618530273,26.5,1666910
2025-06-13,26.5,27.049999237060547,26.100000381469727,26.799999237060547,1850082
2025-06-16,26.350000381469727,26.450000762939453,25.850000381469727,26.299999237060547,1326600
2025-06-17,26.350000381469727,26.850000381469727,26.100000381469727,26.25,1244120
2025-06-18,25.549999237060547,26.350000381469727,25.25,26.350000381469727,1822500
2025-06-19,25.450000762939453,26.200000762939453,24.899999618530273,25.399999618530273,2092800
2025-06-20,25.350000381469727,26.0,25.149999618530273,25.399999618530273,1318620
2025-06-23,25.700000762939453,26.0,25.0,25.299999237060547,2042300
2025-06-24,27.149999618530273,27.299999237060547,25.549999237060547,25.950000762939453,3198600
2025-06-25,27.5,27.649999618530273,26.899999618530273,27.350000381469727,2112770
2025-06-26,27.299999237060547,29.0,27.200000762939453,27.5,3979592
2025-06-27,29.149999618530273,29.799999237060547,27.649999618530273,27.649999618530273,5714900
2025-06-30,28.950000762939453,29.549999237060547,28.350000381469727,29.450000762939453,2470200
2025-07-02,29.25,29.700000762939453,28.450000762939453,28.899999618530273,3988362
2025-07-03,29.75,30.549999237060547,28.950000762939453,29.350000381469727,5362782
2025-07-04,28.899999618530273,29.850000381469727,28.450000762939453,29.850000381469727,2150700
2025-07-07,28.899999618530273,29.049999237060547,28.350000381469727,28.799999237060547,990280
2025-07-08,30.75,31.0,28.950000762939453,29.149999618530273,4454700
2025-07-09,30.049999237060547,31.200000762939453,30.0,30.799999237060547,2061800
2025-07-10,30.200000762939453,30.700000762939453,29.649999618530273,30.0,2022600
2025-07-11,29.899999618530273,31.350000381469727,29.700000762939453,30.399999618530273,3631100
2025-07-14,30.700000762939453,32.400001525878906,30.0,30.0,6359600
2025-07-15,30.399999618530273,31.399999618530273,29.700000762939453,31.399999618530273,4927800
2025-07-16,29.649999618530273,30.649999618530273,29.399999618530273,30.649999618530273,2857000
2025-07-17,30.950000762939453,31.350000381469727,29.399999618530273,29.649999618530273,5911800
2025-07-18,32.75,33.20000076293945,31.649999618530273,31.799999237060547,10215480
2025-07-21,33.45000076293945,33.849998474121094,32.45000076293945,33.04999923706055,4630200
2025-07-22,35.75,36.29999923706055,33.29999923706055,33.650001525878906,9472600
2025-07-23,34.75,36.75,34.45000076293945,35.900001525878906,6809400
2025-07-24,39.650001525878906,41.5,34.0,34.599998474121094,26871996
2025-07-25,40.20000076293945,43.099998474121094,39.900001525878906,40.599998474121094,19834217
2025-07-28,37.70000076293945,39.900001525878906,37.45000076293945,38.849998474121094,12940100
2025-07-29,38.0,38.70000076293945,36.95000076293945,37.0,6689400
2025-07-30,36.45000076293945,39.54999923706055,36.04999923706055,39.150001525878906,9382054
2025-07-31,35.25,36.0,34.599998474121094,36.0,7425609
2025-08-01,35.45000076293945,36.400001525878906,35.349998474121094,35.5,4983170
2025-08-04,35.959999084472656,36.400001525878906,34.81999969482422,35.0,2539300
2025-08-05,36.099998474121094,36.400001525878906,35.81999969482422,36.0,2631200
2025-08-06,36.959999084472656,37.15999984741211,35.5,36.040000915527344,3709161
2025-08-07,39.7599983215332,40.0,36.099998474121094,37.41999816894531,10997800
2025-08-08,41.02000045776367,42.459999084472656,39.279998779296875,39.97999954223633,11635300
2025-08-11,48.47999954223633,48.79999923706055,44.2599983215332,47.15999984741211,28290212
2025-08-12,45.779998779296875,49.5,44.08000183105469,49.5,25214465
2025-08-13,45.0,46.97999954223633,44.619998931884766,45.29999923706055,8969090
2025-08-14,44.0,45.79999923706055,43.41999816894531,45.52000045776367,5709518
2025-08-15,45.380001068115234,45.58000183105469,43.70000076293945,43.97999954223633,6223947
2025-08-18,44.84000015258789,47.5,44.84000015258789,46.52000045776367,5451402
2025-08-19,43.880001068115234,45.84000015258789,43.599998474121094,44.63999938964844,5166300
2025-08-20,42.119998931884766,43.29999923706055,41.0,42.560001373291016,7273000
2025-08-21,41.619998931884766,42.560001373291016,41.29999923706055,42.0,3361321
2025-08-22,42.08000183105469,42.619998931884766,41.20000076293945,41.619998931884766,4807200
2025-08-25,42.15999984741211,43.279998779296875,41.439998626708984,42.880001068115234,6451300
2025-08-26,41.63999938964844,42.91999816894531,41.380001068115234,42.15999984741211,3899194
2025-08-27,40.86000061035156,43.0,40.540000915527344,42.31999969482422,6122900
2025-08-28,39.91999816894531,41.459999084472656,39.13999938964844,40.58000183105469,6444718
2025-08-29,40.65999984741211,41.7400016784668,39.52000045776367,40.0,13188200
2025-09-01,39.97999954223633,41.0,39.099998474121094,41.0,6058600
2025-09-02,38.86000061035156,40.68000030517578,38.18000030517578,40.099998474121094,5323600
2025-09-03,38.2599983215332,40.0,37.91999816894531,38.70000076293945,4603400
2025-09-04,39.31999969482422,39.91999816894531,38.2599983215332,38.599998474121094,8392630
2025-09-05,44.560001373291016,44.720001220703125,39.52000045776367,39.79999923706055,18154200
2025-09-08,45.279998779296875,46.65999984741211,43.380001068115234,45.5,15594425
2025-09-09,43.41999816894531,46.02000045776367,43.18000030517578,46.02000045776367,7861318
2025-09-10,39.959999084472656,41.0,39.560001373291016,40.0,10463500
2025-09-11,40.13999938964844,40.400001525878906,39.5,40.0,3678700
2025-09-12,39.79999923706055,40.86000061035156,39.58000183105469,40.5,3730000
2025-09-15,40.7400016784668,42.02000045776367,40.0,40.18000030517578,5808662
2025-09-16,39.880001068115234,41.70000076293945,39.65999984741211,41.70000076293945,4046000
2025-09-17,40.2599983215332,40.79999923706055,39.20000076293945,39.880001068115234,4362500
2025-09-18,39.31999969482422,40.36000061035156,38.7400016784668,40.29999923706055,3679287
2025-09-19,41.220001220703125,43.0,39.599998474121094,39.68000030517578,11486360
2025-09-22,40.47999954223633,41.29999923706055,39.619998931884766,41.220001220703125,4287160
2025-09-23,39.20000076293945,41.20000076293945,38.619998931884766,40.47999954223633,3956140
2025-09-24,39.400001525878906,40.79999923706055,38.68000030517578,39.65999984741211,4619000
2025-09-25,40.040000915527344,41.29999923706055,39.599998474121094,39.599998474121094,5937280
2025-09-26,40.2599983215332,41.560001373291016,39.70000076293945,39.900001525878906,5294200
2025-09-29,42.599998474121094,42.880001068115234,41.220001220703125,41.220001220703125,7853800
2025-09-30,44.939998626708984,45.779998779296875,42.58000183105469,42.880001068115234,9474500
2025-10-02,50.75,51.79999923706055,45.619998931884766,45.619998931884766,6753809
2025-10-03,50.400001525878906,50.849998474121094,49.20000076293945,50.849998474121094,2043658
2025-10-06,48.439998626708984,50.45000076293945,48.02000045776367,50.400001525878906,1861100
2025-10-08,48.959999084472656,50.70000076293945,47.880001068115234,48.459999084472656,2594720
2025-10-09,48.599998474121094,50.150001525878906,46.81999969482422,49.0,11142600
2025-10-10,43.779998779296875,49.08000183105469,43.5,48.79999923706055,9308232
2025-10-13,45.900001525878906,46.0,42.02000045776367,42.380001068115234,9464142
2025-10-14,42.86000061035156,46.97999954223633,42.79999923706055,46.97999954223633,6095900
2025-10-15,43.400001525878906,44.220001220703125,41.939998626708984,43.599998474121094,3471566
2025-10-16,44.400001525878906,44.70000076293945,42.91999816894531,43.400001525878906,3568900
2025-10-17,43.29999923706055,45.79999923706055,42.91999816894531,45.099998474121094,4412994
2025-10-20,42.220001220703125,44.400001525878906,41.880001068115234,44.20000076293945,2750201
2025-10-21,42.099998474121094,43.380001068115234,41.400001525878906,42.47999954223633,3728614
2025-10-22,42.31999969482422,42.31999969482422,40.20000076293945,42.099998474121094,2710306
2025-10-23,44.47999954223633,44.79999923706055,41.040000915527344,42.79999923706055,7012720
2025-10-24,46.220001220703125,48.79999923706055,44.959999084472656,44.959999084472656,9986500
2025-10-27,47.380001068115234,47.7400016784668,46.36000061035156,46.900001525878906,5282462
2025-10-28,45.619998931884766,47.779998779296875,45.5,47.779998779296875,4552640
2025-10-30,49.779998779296875,50.95000076293945,46.58000183105469,47.5,22809025
2025-10-31,47.70000076293945,52.599998474121094,47.220001220703125,49.86000061035156,13298742
2025-11-03,46.58000183105469,49.15999984741211,45.91999816894531,48.29999923706055,4698400
2025-11-04,44.400001525878906,47.34000015258789,44.13999938964844,46.900001525878906,5579935
2025-11-05,46.47999954223633,47.599998474121094,43.0,43.13999938964844,7381160
2025-11-06,48.880001068115234,49.31999969482422,46.20000076293945,46.560001373291016,6608100
2025-11-07,52.54999923706055,52.54999923706055,48.220001220703125,49.0,11403135
2025-11-10,54.150001525878906,57.099998474121094,52.20000076293945,54.0,15928185
2025-11-11,51.75,55.150001525878906,51.04999923706055,54.29999923706055,8731880
2025-11-12,51.45000076293945,52.650001525878906,49.63999938964844,51.0,5925869
2025-11-13,56.70000076293945,57.0,51.900001525878906,51.900001525878906,14073791
2025-11-14,53.95000076293945,56.70000076293945,53.79999923706055,55.099998474121094,6209600
2025-11-17,57.0,58.70000076293945,55.20000076293945,57.0,16712820
